ID,session,date,NovacoAnger
1,1,2025-06-10,18
1,2,2025-06-17,12
1,3,2025-06-24,20
2,1,2025-05-28,17
2,2,2025-06-04,22
2,3,2025-06-11,19
3,1,2025-06-15,18
3,2,2025-06-22,20
3,3,2025-06-29,18
4,1,2025-07-18,15
4,2,2025-07-25,9
4,3,2025-08-01,19
5,1,2025-05-23,14
5,2,2025-05-30,22
5,3,2025-06-06,18
6,1,2025-06-22,17
6,2,2025-06-29,13
6,3,2025-07-06,18
7,1,2025-06-14,17
7,2,2025-06-21,18
7,3,2025-06-28,19
8,1,2025-06-16,11
8,2,2025-06-23,20
8,3,2025-06-30,21
9,1,2025-04-11,16
9,2,2025-04-18,16
9,3,2025-04-25,20
10,1,2025-04-17,21
10,2,2025-04-24,13
10,3,2025-05-01,15
11,1,2025-02-27,17
11,2,2025-03-06,24
11,3,2025-03-13,17
12,1,2025-04-01,17
12,2,2025-04-08,12
12,3,2025-04-15,19
13,1,2025-08-21,13
13,2,2025-08-28,19
13,3,2025-09-04,18
14,1,2025-04-30,11
14,2,2025-05-07,23
14,3,2025-05-14,20
15,1,2025-08-17,16
15,2,2025-08-24,15
15,3,2025-08-31,21
16,1,2025-05-02,19
16,2,2025-05-09,23
16,3,2025-05-16,14
17,1,2025-07-25,23
17,2,2025-08-01,14
17,3,2025-08-08,15
18,1,2025-07-14,19
18,2,2025-07-21,23
18,3,2025-07-28,18
19,1,2025-05-15,17
19,2,2025-05-22,15
19,3,2025-05-29,19
20,1,2025-08-24,20
20,2,2025-08-31,17
20,3,2025-09-07,18
21,1,2025-08-01,15
21,2,2025-08-08,14
21,3,2025-08-15,23
22,1,2025-02-28,19
22,2,2025-03-07,22
22,3,2025-03-14,16
23,1,2025-03-31,12
23,2,2025-04-07,16
23,3,2025-04-14,15
24,1,2025-03-29,19
24,2,2025-04-05,20
24,3,2025-04-12,13
25,1,2025-05-09,20
25,2,2025-05-16,14
25,3,2025-05-23,20
26,1,2025-06-22,22
26,2,2025-06-29,24
26,3,2025-07-06,25
27,1,2025-03-13,23
27,2,2025-03-20,17
27,3,2025-03-27,13
28,1,2025-03-31,18
28,2,2025-04-07,17
28,3,2025-04-14,21
29,1,2025-06-19,19
29,2,2025-06-26,22
29,3,2025-07-03,19
30,1,2025-06-29,19
30,2,2025-07-06,14
30,3,2025-07-13,27
31,1,2025-03-13,19
31,2,2025-03-20,21
31,3,2025-03-27,13
32,1,2025-07-17,14
32,2,2025-07-24,20
32,3,2025-07-31,14
33,1,2025-05-16,16
33,2,2025-05-23,17
33,3,2025-05-30,18
34,1,2025-07-15,20
34,2,2025-07-22,18
34,3,2025-07-29,21
35,1,2025-05-02,21
35,2,2025-05-09,13
35,3,2025-05-16,14
36,1,2025-08-09,23
36,2,2025-08-16,15
36,3,2025-08-23,15
37,1,2025-07-15,19
37,2,2025-07-22,18
37,3,2025-07-29,12
38,1,2025-03-13,17
38,2,2025-03-20,21
38,3,2025-03-27,20
39,1,2025-07-30,18
39,2,2025-08-06,21
39,3,2025-08-13,16
40,1,2025-07-26,23
40,2,2025-08-02,17
40,3,2025-08-09,13
41,1,2025-04-21,24
41,2,2025-04-28,20
41,3,2025-05-05,17
42,1,2025-05-25,20
42,2,2025-06-01,14
42,3,2025-06-08,15
43,1,2025-06-03,19
43,2,2025-06-10,17
43,3,2025-06-17,22
44,1,2025-06-01,24
44,2,2025-06-08,15
44,3,2025-06-15,19
45,1,2025-08-12,16
45,2,2025-08-19,18
45,3,2025-08-26,17
46,1,2025-03-06,18
46,2,2025-03-13,19
46,3,2025-03-20,18
47,1,2025-03-16,19
47,2,2025-03-23,18
47,3,2025-03-30,19
48,1,2025-06-20,24
48,2,2025-06-27,14
48,3,2025-07-04,20
49,1,2025-05-17,21
49,2,2025-05-24,15
49,3,2025-05-31,22
50,1,2025-07-24,16
50,2,2025-07-31,19
50,3,2025-08-07,17
