ID,age,gender,session,date,temperature_condition,Advantages,ModestlyCostly,StronglyCostly,NovacoAnger,PANASPA_T0,PANASPA_T1,PANASPA_T2,PANASPA_T3,PANASNA_T0,PANASNA_T1,PANASNA_T2,PANASNA_T3,Hostile_Affect_T0,Hostile_Affect_T1,Hostile_Affect_T2,Hostile_Affect_T3,Irritable_Affect_T0,Irritable_Affect_T1,Irritable_Affect_T2,Irritable_Affect_T3,BIS_Attentional,BIS_Motor,BIS_Nonplanning,BISTotal,BPAQ_Physical,BPAQ_Verbal,BPAQ_Anger,BPAQ_Hostility,BPAQTotal
1,26,Male,1,2025-06-10,MID,1,1,0,18,24,17,26,10,16,22,20,28,3,5,5,6,3,6,2,4,19,31,23,146,29,13,19,26,174
1,26,Male,2,2025-06-17,HOT,0,1,1,12,21,25,19,20,16,22,18,18,1,6,3,5,3,5,5,1,19,31,23,146,29,13,19,26,174
1,26,Male,3,2025-06-24,CTRL,1,1,0,20,13,22,21,23,17,22,26,22,5,2,6,3,1,1,3,1,19,31,23,146,29,13,19,26,174
2,24,Female,1,2025-05-28,MID,0,1,0,17,18,28,26,23,21,19,20,26,5,2,1,6,4,5,5,4,20,19,35,148,32,12,25,27,192
2,24,Female,2,2025-06-04,HOT,1,1,0.092,22,21,14,28,29,26,22,28,13,5,4,4,3,3,3,4,2,20,19,35,148,32,12,25,27,192
2,24,Female,3,2025-06-11,CTRL,1,1,0,19,29,19,24,33,22,21,23,23,3,4,3,5,5,1,5,4,20,19,35,148,32,12,25,27,192
3,31,Female,1,2025-06-15,MID,1,1,0,18,20,22,24,20,19,19,21,19,2,4,3,5,6,2,2,2,18,22,31,142,26,15,20,23,168
3,31,Female,2,2025-06-22,HOT,1,1,0,20,26,20,22,23,20,19,21,21,3,3,2,2,6,2,4,1,18,22,31,142,26,15,20,23,168
3,31,Female,3,2025-06-29,CTRL,1,0,1,18,20,22,21,14,17,24,21,25,2,3,5,4,4,3,4,3,18,22,31,142,26,15,20,23,168
4,25,Male,1,2025-07-18,MID,0,0.945,1,15,21,23,21,21,17,22,20,19,4,6,4,1,5,5,2,3,24,32,24,160,25,15,25,24,178
4,25,Male,2,2025-07-25,HOT,1,1,0,9,24,23,19,22,23,18,19,13,5,1,2,2,1,3,2,4,24,32,24,160,25,15,25,24,178
4,25,Male,3,2025-08-01,CTRL,1,1,1,19,20,32,27,14,25,27,23,25,6,2,5,5,5,6,2,5,24,32,24,160,25,15,25,24,178
5,22,Female,1,2025-05-23,HOT,1,0,0,14,22,20,22,18,18,22,22,18,1,4,2,2,5,6,2,2,20,26,28,148,26,13,25,19,166
5,22,Female,2,2025-05-30,MID,1,1,1,22,28,31,17,21,23,29,27,20,6,4,2,4,1,3,6,5,20,26,28,148,26,13,25,19,166
5,22,Female,3,2025-06-06,CTRL,0,1,1,18,17,19,22,18,29,19,24,21,5,3,4,3,6,1,3,1,20,26,28,148,26,13,25,19,166
6,33,Female,1,2025-06-22,MID,0,1,1,17,20,24,22,14,26,18,27,22,5,2,5,4,6,2,5,3,20,24,29,146,31,12,18,26,174
6,33,Female,2,2025-06-29,CTRL,1,1,1,13,23,25,22,23,17,23,25,21,2,4,6,3,2,3,4,3,20,24,29,146,31,12,18,26,174
6,33,Female,3,2025-07-06,HOT,1,1,1,18,26,20,19,14,15,19,20,23,1,1,3,5,5,3,4,6,20,24,29,146,31,12,18,26,174
7,21,Female,1,2025-06-14,HOT,1,1,1,17,15,17,30,23,18,24,16,22,1,5,6,3,6,5,2,3,17,31,28,152,20,18,24,32,188
7,21,Female,2,2025-06-21,CTRL,1,0,0,18,26,20,26,25,17,12,20,17,1,5,5,2,4,2,5,5,17,31,28,152,20,18,24,32,188
7,21,Female,3,2025-06-28,MID,1,1,0,19,18,19,23,25,15,20,17,25,4,6,4,6,3,3,4,4,17,31,28,152,20,18,24,32,188
8,32,Female,1,2025-06-16,MID,1,1,0,11,16,20,14,17,21,20,24,10,5,2,6,1,4,5,3,1,22,25,33,160,22,14,21,24,162
8,32,Female,2,2025-06-23,CTRL,0,0,1,20,16,21,19,19,23,25,12,19,6,4,2,6,4,4,1,2,22,25,33,160,22,14,21,24,162
8,32,Female,3,2025-06-30,HOT,1,1,1,21,27,22,22,17,27,16,21,19,3,5,4,4,5,2,1,5,22,25,33,160,22,14,21,24,162
9,23,Female,1,2025-04-11,CTRL,1,1,0,16,22,25,15,16,20,20,21,18,1,5,2,1,6,6,4,4,16,25,31,144,28,13,22,29,184
9,23,Female,2,2025-04-18,MID,1,1,1,16,17,22,16,27,24,22,24,27,2,3,4,5,5,4,4,4,16,25,31,144,28,13,22,29,184
9,23,Female,3,2025-04-25,HOT,1,0,1,20,21,24,19,25,18,24,16,21,5,5,4,4,1,5,2,5,16,25,31,144,28,13,22,29,184
10,25,Female,1,2025-04-17,CTRL,1,1,0.793,21,26,19,19,26,27,21,25,18,4,5,1,1,4,4,6,1,16,24,32,144,31,19,22,21,186
10,25,Female,2,2025-04-24,MID,1,1,0,13,20,23,21,25,18,21,24,24,3,2,2,5,3,5,6,5,16,24,32,144,31,19,22,21,186
10,25,Female,3,2025-05-01,HOT,0,1,0,15,18,21,19,23,23,29,28,16,1,3,5,3,4,6,6,2,16,24,32,144,31,19,22,21,186
11,27,Female,1,2025-02-27,CTRL,1,0.982,0,17,15,20,15,22,13,13,18,15,4,2,6,2,1,2,3,1,19,25,31,150,31,16,22,23,184
11,27,Female,2,2025-03-06,HOT,1,0,0,24,27,12,21,26,22,19,20,18,3,1,6,4,3,3,3,1,19,25,31,150,31,16,22,23,184
11,27,Female,3,2025-03-13,MID,1,1,0.954,17,20,28,19,32,21,28,22,29,6,6,1,6,4,6,5,6,19,25,31,150,31,16,22,23,184
12,33,Female,1,2025-04-01,HOT,1,0.946,0,17,26,29,21,26,24,18,27,27,6,5,6,6,2,2,6,4,24,26,34,168,26,18,17,25,172
12,33,Female,2,2025-04-08,MID,1,1,0,12,23,21,25,12,21,26,21,31,3,6,6,6,2,5,4,2,24,26,34,168,26,18,17,25,172
12,33,Female,3,2025-04-15,CTRL,1,1,1,19,30,20,22,22,23,22,14,16,5,5,3,2,3,4,1,3,24,26,34,168,26,18,17,25,172
13,30,Female,1,2025-08-21,MID,1,1,0,13,20,16,22,30,21,24,20,27,6,5,5,4,4,5,6,5,19,27,24,140,27,15,22,15,158
13,30,Female,2,2025-08-28,CTRL,1,0,0,19,26,23,16,22,24,27,14,23,6,6,4,5,5,6,2,2,19,27,24,140,27,15,22,15,158
13,30,Female,3,2025-09-04,HOT,1,0,0,18,23,13,18,26,19,24,17,18,3,3,5,5,1,6,3,1,19,27,24,140,27,15,22,15,158
14,26,Female,1,2025-04-30,HOT,0,1,1,11,26,13,19,21,24,14,15,24,2,1,1,3,2,3,1,3,22,22,24,136,20,17,27,31,190
14,26,Female,2,2025-05-07,CTRL,0,0,0,23,20,20,20,18,29,21,28,15,4,6,3,4,5,2,4,2,22,22,24,136,20,17,27,31,190
14,26,Female,3,2025-05-14,MID,1,0,0,20,27,17,19,18,17,25,25,24,3,6,4,2,1,6,5,4,22,22,24,136,20,17,27,31,190
15,23,Female,1,2025-08-17,HOT,1,0,0,16,19,16,24,23,15,23,18,24,1,1,2,6,4,6,3,2,20,25,32,154,24,11,23,20,156
15,23,Female,2,2025-08-24,CTRL,1,1,0.001,15,20,23,16,21,22,24,18,23,1,4,3,3,6,4,4,6,20,25,32,154,24,11,23,20,156
15,23,Female,3,2025-08-31,MID,1,1,0.002,21,25,21,29,18,23,18,16,29,4,1,1,6,5,4,1,4,20,25,32,154,24,11,23,20,156
16,33,Female,1,2025-05-02,CTRL,1,1,0,19,17,17,17,19,27,21,13,25,6,4,1,4,4,5,2,6,21,22,33,152,27,12,16,26,162
16,33,Female,2,2025-05-09,HOT,0,0,0.534,23,22,24,26,29,20,14,20,21,1,2,2,6,6,1,4,2,21,22,33,152,27,12,16,26,162
16,33,Female,3,2025-05-16,MID,1,1,0,14,20,13,23,16,19,24,19,26,4,2,3,4,5,6,1,3,21,22,33,152,27,12,16,26,162
17,26,Male,1,2025-07-25,CTRL,0,1,0,23,17,22,18,21,18,25,25,21,2,4,6,4,6,6,2,5,21,34,26,162,23,10,19,23,150
17,26,Male,2,2025-08-01,MID,1,1,1,14,19,21,19,25,19,20,21,23,2,4,1,4,5,3,5,2,21,34,26,162,23,10,19,23,150
17,26,Male,3,2025-08-08,HOT,1,0,0,15,21,18,20,22,15,18,19,27,2,2,3,5,2,3,2,6,21,34,26,162,23,10,19,23,150
18,23,Female,1,2025-07-14,MID,1,1,0,19,23,14,14,18,13,22,27,17,5,6,4,3,2,2,5,1,23,22,32,154,27,15,23,31,192
18,23,Female,2,2025-07-21,CTRL,1,0,1,23,14,18,25,22,15,21,22,16,3,1,4,2,3,6,2,4,23,22,32,154,27,15,23,31,192
18,23,Female,3,2025-07-28,HOT,1,1,1,18,15,30,17,26,21,20,20,18,5,5,5,1,2,1,5,5,23,22,32,154,27,15,23,31,192
19,30,Male,1,2025-05-15,MID,1,0,1,17,18,13,16,28,27,19,24,19,2,4,6,2,5,3,6,1,22,25,29,152,24,16,21,30,182
19,30,Male,2,2025-05-22,HOT,1,0,0,15,20,20,24,14,24,22,31,26,1,4,6,2,6,4,5,6,22,25,29,152,24,16,21,30,182
19,30,Male,3,2025-05-29,CTRL,1,0,0,19,21,21,22,17,23,23,24,23,5,1,5,5,4,3,5,1,22,25,29,152,24,16,21,30,182
20,19,Female,1,2025-08-24,MID,1,1,1,20,23,16,21,22,20,16,15,20,4,2,4,3,5,6,1,3,22,27,29,156,30,13,24,24,182
20,19,Female,2,2025-08-31,HOT,1,0,0,17,18,16,25,22,16,21,24,25,3,2,6,1,1,2,4,4,22,27,29,156,30,13,24,24,182
20,19,Female,3,2025-09-07,CTRL,1,1,0,18,16,17,20,25,22,19,25,24,2,2,2,1,2,6,3,1,22,27,29,156,30,13,24,24,182
21,21,Male,1,2025-08-01,HOT,1,1,0.712,15,17,20,23,28,25,18,22,14,6,2,2,2,3,6,6,2,17,32,30,158,25,17,23,30,190
21,21,Male,2,2025-08-08,MID,0,0.866,1,14,23,18,19,20,14,28,14,24,4,1,4,6,2,6,1,5,17,32,30,158,25,17,23,30,190
21,21,Male,3,2025-08-15,CTRL,1,0,0,23,20,21,15,13,18,24,22,25,5,2,6,5,1,4,6,5,17,32,30,158,25,17,23,30,190
22,28,Female,1,2025-02-28,MID,1,1,0,19,19,24,15,22,24,14,19,19,6,1,6,3,6,3,3,2,20,22,24,132,31,19,26,24,200
22,28,Female,2,2025-03-07,HOT,1,1,0,22,22,19,18,22,27,25,19,16,6,5,1,5,2,5,6,1,20,22,24,132,31,19,26,24,200
22,28,Female,3,2025-03-14,CTRL,1,0,0,16,17,24,17,27,15,21,22,24,2,3,4,1,5,5,2,4,20,22,24,132,31,19,26,24,200
23,34,Female,1,2025-03-31,CTRL,1,0,0.19,12,21,22,23,20,19,16,22,22,1,3,6,5,4,2,2,5,23,26,28,154,24,11,26,29,180
23,34,Female,2,2025-04-07,MID,1,1,0,16,13,17,15,23,18,22,26,23,6,5,6,5,5,1,2,3,23,26,28,154,24,11,26,29,180
23,34,Female,3,2025-04-14,HOT,1,1,1,15,24,20,16,23,21,21,21,21,1,1,4,3,5,5,3,1,23,26,28,154,24,11,26,29,180
24,28,Female,1,2025-03-29,CTRL,1,1,1,19,15,23,21,19,19,24,20,22,3,6,2,4,4,2,4,1,14,18,30,124,25,19,25,24,186
24,28,Female,2,2025-04-05,MID,1,1,0,20,28,19,24,19,27,22,22,24,4,5,6,2,1,4,3,2,14,18,30,124,25,19,25,24,186
24,28,Female,3,2025-04-12,HOT,1,1,1,13,22,27,24,21,16,18,22,25,2,1,1,6,3,1,6,5,14,18,30,124,25,19,25,24,186
25,31,Female,1,2025-05-09,MID,1,0,0,20,15,18,20,25,18,26,21,15,1,5,1,4,2,2,4,4,19,24,30,146,34,16,24,29,206
25,31,Female,2,2025-05-16,CTRL,1,1,0,14,24,16,18,18,27,23,19,27,4,3,2,4,6,2,5,5,19,24,30,146,34,16,24,29,206
25,31,Female,3,2025-05-23,HOT,1,1,1,20,21,19,24,23,15,26,27,15,1,4,5,1,3,5,4,3,19,24,30,146,34,16,24,29,206
26,33,Male,1,2025-06-22,HOT,0,0,1,22,23,20,17,21,20,21,17,13,4,3,3,1,1,4,4,3,20,31,31,164,29,14,17,23,166
26,33,Male,2,2025-06-29,CTRL,1,1,1,24,20,26,25,20,22,28,19,18,4,6,4,3,3,4,1,2,20,31,31,164,29,14,17,23,166
26,33,Male,3,2025-07-06,MID,1,1,1,25,19,16,18,20,28,21,12,17,6,3,1,1,6,3,1,3,20,31,31,164,29,14,17,23,166
27,19,Male,1,2025-03-13,HOT,1,1,0,23,20,19,20,20,16,27,15,23,1,3,1,3,3,6,3,4,18,34,26,156,28,9,21,23,162
27,19,Male,2,2025-03-20,MID,1,0,1,17,18,19,22,15,17,19,18,21,1,3,4,2,2,1,1,6,18,34,26,156,28,9,21,23,162
27,19,Male,3,2025-03-27,CTRL,1,0,0,13,28,19,19,22,25,16,26,27,5,4,6,5,3,1,4,6,18,34,26,156,28,9,21,23,162
28,20,Female,1,2025-03-31,CTRL,1,1,0,18,20,17,24,30,18,19,25,24,3,6,4,3,1,2,6,6,22,27,29,156,30,17,23,22,184
28,20,Female,2,2025-04-07,HOT,1,0,0,17,20,15,17,17,20,17,18,16,5,3,2,1,2,4,3,1,22,27,29,156,30,17,23,22,184
28,20,Female,3,2025-04-14,MID,1,1,0.999,21,19,22,16,22,27,22,16,19,5,1,4,3,6,6,4,2,22,27,29,156,30,17,23,22,184
29,24,Female,1,2025-06-19,HOT,1,1,1,19,18,18,20,17,21,25,24,18,1,5,5,1,6,6,2,6,17,33,25,150,19,18,24,23,168
29,24,Female,2,2025-06-26,CTRL,1,0,1,22,22,21,24,26,23,20,22,23,6,2,1,2,1,5,5,4,17,33,25,150,19,18,24,23,168
29,24,Female,3,2025-07-03,MID,1,0,0,19,19,22,19,24,23,24,24,22,3,4,2,3,1,5,2,4,17,33,25,150,19,18,24,23,168
30,22,Female,1,2025-06-29,CTRL,0,1,1,19,16,27,15,26,21,19,20,14,6,5,1,1,3,4,6,5,19,27,29,150,30,17,24,15,172
30,22,Female,2,2025-07-06,HOT,1,1,1,14,21,15,28,19,36,29,23,19,6,6,5,2,6,5,4,5,19,27,29,150,30,17,24,15,172
30,22,Female,3,2025-07-13,MID,1,0.011,0,27,24,17,25,17,21,18,24,21,2,2,4,1,1,1,3,5,19,27,29,150,30,17,24,15,172
31,34,Female,1,2025-03-13,HOT,1,0.044,1,19,21,28,23,24,21,25,24,17,2,5,6,6,6,3,6,3,23,29,27,158,27,12,21,25,170
31,34,Female,2,2025-03-20,MID,1,0,0,21,20,12,27,20,21,16,23,21,4,2,4,1,2,3,1,2,23,29,27,158,27,12,21,25,170
31,34,Female,3,2025-03-27,CTRL,1,1,1,13,19,20,22,14,15,13,22,21,3,6,6,5,5,1,2,6,23,29,27,158,27,12,21,25,170
32,29,Female,1,2025-07-17,CTRL,1,0,1,14,23,17,27,14,21,21,21,25,4,1,1,6,1,6,3,3,17,22,33,144,24,16,25,23,176
32,29,Female,2,2025-07-24,MID,1,1,0,20,20,21,16,21,16,18,17,22,5,1,4,2,1,4,4,5,17,22,33,144,24,16,25,23,176
32,29,Female,3,2025-07-31,HOT,1,1,1,14,18,13,23,16,16,18,19,19,2,3,1,6,1,3,4,4,17,22,33,144,24,16,25,23,176
33,22,Female,1,2025-05-16,CTRL,0,1,0.995,16,18,25,20,23,24,22,23,22,6,5,2,6,6,5,3,3,23,31,27,162,25,16,18,26,170
33,22,Female,2,2025-05-23,HOT,1,0,0,17,21,24,15,25,19,19,18,11,5,3,1,1,4,4,3,1,23,31,27,162,25,16,18,26,170
33,22,Female,3,2025-05-30,MID,1,1,0,18,18,24,18,21,18,20,26,22,3,5,6,2,5,2,5,3,23,31,27,162,25,16,18,26,170
34,28,Male,1,2025-07-15,MID,1,0.109,0.007,20,28,11,23,17,23,20,18,21,6,5,3,1,4,5,1,6,20,28,26,148,31,15,19,18,166
34,28,Male,2,2025-07-22,HOT,1,1,0.169,18,22,25,22,18,26,21,16,17,2,3,1,2,5,2,3,2,20,28,26,148,31,15,19,18,166
34,28,Male,3,2025-07-29,CTRL,1,1,1,21,17,19,19,16,20,31,22,25,6,6,4,2,1,5,4,4,20,28,26,148,31,15,19,18,166
35,21,Female,1,2025-05-02,HOT,0,0,1,21,19,27,19,19,17,18,21,22,3,2,3,2,4,6,5,5,20,25,24,138,26,15,19,23,166
35,21,Female,2,2025-05-09,MID,1,0,0,13,24,16,16,21,20,24,25,22,1,5,5,6,3,4,6,3,20,25,24,138,26,15,19,23,166
35,21,Female,3,2025-05-16,CTRL,1,1,0,14,13,21,26,19,17,23,18,17,4,6,1,5,4,5,2,2,20,25,24,138,26,15,19,23,166
36,24,Female,1,2025-08-09,CTRL,1,0,0,23,27,16,21,20,28,19,19,20,2,2,1,4,6,4,2,5,23,30,27,160,29,20,22,23,188
36,24,Female,2,2025-08-16,HOT,1,0.076,0.998,15,17,24,15,22,15,18,21,25,5,2,6,2,2,4,4,4,23,30,27,160,29,20,22,23,188
36,24,Female,3,2025-08-23,MID,1,0,0,15,22,17,21,25,28,18,25,17,6,3,6,4,6,4,1,4,23,30,27,160,29,20,22,23,188
37,28,Female,1,2025-07-15,HOT,0.985,1,0,19,15,24,27,24,24,21,12,25,2,2,2,5,3,3,1,6,20,26,25,142,26,11,26,30,186
37,28,Female,2,2025-07-22,CTRL,0,1,1,18,26,23,25,24,17,30,22,21,1,6,1,3,4,6,3,1,20,26,25,142,26,11,26,30,186
37,28,Female,3,2025-07-29,MID,1,0,1,12,20,23,15,21,17,23,15,23,4,4,3,6,2,6,3,5,20,26,25,142,26,11,26,30,186
38,27,Male,1,2025-03-13,CTRL,1,1,0.028,17,18,19,20,27,14,18,23,25,2,1,3,6,1,1,5,4,19,24,31,148,26,20,21,20,174
38,27,Male,2,2025-03-20,MID,1,0,0,21,22,23,19,21,25,27,24,22,5,6,5,6,4,4,5,3,19,24,31,148,26,20,21,20,174
38,27,Male,3,2025-03-27,HOT,1,1,0,20,26,20,23,16,25,23,31,28,3,1,6,4,6,5,5,5,19,24,31,148,26,20,21,20,174
39,23,Female,1,2025-07-30,HOT,1,1,0,18,17,23,17,12,28,24,32,18,3,2,6,2,5,6,6,1,22,30,28,160,31,14,22,24,182
39,23,Female,2,2025-08-06,MID,1,1,0,21,17,22,23,16,25,19,16,23,4,2,2,5,6,6,1,4,22,30,28,160,31,14,22,24,182
39,23,Female,3,2025-08-13,CTRL,0,1,0,16,16,20,23,20,17,18,23,19,1,2,1,5,3,1,6,4,22,30,28,160,31,14,22,24,182
40,18,Male,1,2025-07-26,HOT,1,0,0,23,15,20,20,19,20,16,20,22,4,4,2,5,2,3,4,4,22,24,27,146,33,11,21,24,178
40,18,Male,2,2025-08-02,MID,1,1,0,17,23,24,20,26,22,26,20,26,3,2,2,3,4,4,3,5,22,24,27,146,33,11,21,24,178
40,18,Male,3,2025-08-09,CTRL,1,1,0,13,16,24,9,16,20,18,22,25,3,6,6,2,1,6,2,5,22,24,27,146,33,11,21,24,178
41,27,Male,1,2025-04-21,CTRL,1,0.681,1,24,24,18,22,14,27,15,24,23,6,1,2,5,4,4,5,2,20,20,29,138,30,21,20,22,186
41,27,Male,2,2025-04-28,MID,1,1,0,20,19,15,20,21,13,24,19,14,2,2,3,2,1,4,3,2,20,20,29,138,30,21,20,22,186
41,27,Male,3,2025-05-05,HOT,0,1,1,17,30,26,21,21,23,23,19,20,3,4,2,2,2,5,4,4,20,20,29,138,30,21,20,22,186
42,18,Female,1,2025-05-25,CTRL,1,1,1,20,14,13,21,14,25,21,23,18,3,3,1,1,6,6,5,2,21,24,26,142,26,16,19,21,164
42,18,Female,2,2025-06-01,MID,0.682,0,0,14,24,19,26,23,24,15,19,27,4,2,1,5,3,1,4,4,21,24,26,142,26,16,19,21,164
42,18,Female,3,2025-06-08,HOT,1,0.007,1,15,23,25,29,15,23,21,16,32,6,3,3,5,1,6,3,4,21,24,26,142,26,16,19,21,164
43,35,Male,1,2025-06-03,CTRL,0,0,0,19,21,22,27,26,27,18,25,21,2,2,5,2,6,6,2,4,17,28,29,148,34,13,27,28,204
43,35,Male,2,2025-06-10,MID,1,1,1,17,25,20,22,22,18,19,12,16,3,2,3,3,2,1,3,3,17,28,29,148,34,13,27,28,204
43,35,Male,3,2025-06-17,HOT,1,1,1,22,24,22,24,27,19,20,27,29,2,4,6,6,5,1,3,3,17,28,29,148,34,13,27,28,204
44,31,Female,1,2025-06-01,HOT,0,1,1,24,18,15,26,19,17,23,22,17,2,1,2,5,6,6,3,6,19,27,31,154,28,15,21,24,176
44,31,Female,2,2025-06-08,MID,1,1,1,15,19,17,27,19,16,28,18,17,2,6,2,3,1,5,4,2,19,27,31,154,28,15,21,24,176
44,31,Female,3,2025-06-15,CTRL,1,0,0,19,26,26,26,19,20,24,27,26,4,4,6,6,5,2,6,6,19,27,31,154,28,15,21,24,176
45,26,Female,1,2025-08-12,CTRL,0,1,1,16,19,17,15,21,13,12,17,23,1,1,4,2,2,1,5,6,16,20,29,130,22,16,28,24,180
45,26,Female,2,2025-08-19,HOT,1,0,0,18,20,19,23,14,22,21,25,14,4,3,6,2,5,5,1,6,16,20,29,130,22,16,28,24,180
45,26,Female,3,2025-08-26,MID,1,0,1,17,15,18,22,21,24,28,19,20,3,4,4,1,2,6,1,3,16,20,29,130,22,16,28,24,180
46,23,Female,1,2025-03-06,CTRL,1,1,1,18,27,13,25,19,23,23,24,19,5,5,6,4,2,5,2,5,23,18,33,148,32,8,21,25,172
46,23,Female,2,2025-03-13,HOT,0.944,0,0,19,27,18,25,24,18,20,18,16,1,1,2,3,3,4,2,1,23,18,33,148,32,8,21,25,172
46,23,Female,3,2025-03-20,MID,1,0,1,18,22,23,19,23,10,15,24,14,1,3,5,2,2,3,4,2,23,18,33,148,32,8,21,25,172
47,35,Female,1,2025-03-16,CTRL,1,1,1,19,23,21,25,30,18,25,25,26,2,1,6,6,3,6,2,4,20,26,30,152,27,16,27,25,190
47,35,Female,2,2025-03-23,MID,1,0,0,18,17,22,20,20,17,22,17,21,3,2,4,3,6,1,6,5,20,26,30,152,27,16,27,25,190
47,35,Female,3,2025-03-30,HOT,1,1,1,19,20,24,14,24,26,16,23,16,5,1,6,4,6,1,3,3,20,26,30,152,27,16,27,25,190
48,19,Male,1,2025-06-20,HOT,1,1,0,24,29,18,15,27,21,16,14,20,6,2,1,3,3,2,1,3,18,24,31,146,22,20,19,20,162
48,19,Male,2,2025-06-27,CTRL,0,0,0,14,21,24,17,24,20,23,15,24,6,6,1,6,3,2,3,1,18,24,31,146,22,20,19,20,162
48,19,Male,3,2025-07-04,MID,1,0.005,0,20,14,29,17,21,29,13,21,18,6,3,1,5,4,2,5,1,18,24,31,146,22,20,19,20,162
49,30,Male,1,2025-05-17,MID,1,1,0,21,22,23,23,24,19,19,24,18,1,2,2,1,5,6,5,3,21,30,30,162,29,7,17,20,146
49,30,Male,2,2025-05-24,CTRL,0.975,0,0,15,24,20,27,17,26,25,16,24,4,5,5,3,6,6,2,5,21,30,30,162,29,7,17,20,146
49,30,Male,3,2025-05-31,HOT,1,1,0,22,24,22,16,23,20,26,18,14,4,5,5,2,4,3,2,5,21,30,30,162,29,7,17,20,146
50,23,Female,1,2025-07-24,CTRL,1,0,1,16,27,19,19,23,21,21,25,22,3,1,5,4,5,6,6,1,14,22,26,124,24,10,22,30,172
50,23,Female,2,2025-07-31,HOT,1,0,0,19,24,27,24,16,25,22,20,25,5,6,3,1,3,4,3,4,14,22,26,124,24,10,22,30,172
50,23,Female,3,2025-08-07,MID,1,1,1,17,19,20,19,21,20,19,20,19,1,5,2,3,5,4,4,4,14,22,26,124,24,10,22,30,172
